Title,Price,Ratings
MERRY'S Unisex Polarized Aluminum Sunglasses Vintage Sun Glasses For Men/Women S8286,$12.91,4.4 out of 5 stars
RIVBOS Polarized Sports Sunglasses Driving shades For Men TR90 Unbreakable Frame RB831,$19.98,4.4 out of 5 stars
Polarized Sunglasses for Men and Women Semi-Rimless Frame Driving Sun glasses 100% UV Blocking,$15.99,4.5 out of 5 stars
DUBERY Mens Sport Polarized Sunglasses Outdoor Riding Square Windproof Eyewear,$18.99,4.5 out of 5 stars
HULISLEM S1 Sport Polarized Sunglasses,$21.99,4.4 out of 5 stars
SUNGAIT Ultra Lightweight Rectangular Polarized Sunglasses UV400 Protection,$11.55,4.6 out of 5 stars
Aviator Sunglasses for Men Polarized Women -MXNX UV Protection Lightweight Driving Fishing Sports Mens Sunglasses MX208,$15.55,4.5 out of 5 stars
Oakley Men's Oo9417 Holbrook XL Square Sunglasses,$156.00,4.3 out of 5 stars
Polarspex Polarized 80's Retro Classic Trendy Stylish Sunglasses for Men Women,$14.95,4.4 out of 5 stars
FAGUMA Polarized Sports Sunglasses For Men Cycling Driving Fishing 100% UV Protection,$16.97,4.6 out of 5 stars
Bircen Mens Polarized Driving Sunglasses For Mens Women Al-Mg Metal Frame Lightweight Fishing Sports Outdoors,$25.00,4.4 out of 5 stars
ARNETTE An4202 Fastball Rectangular Sunglasses,$55.40,4.2 out of 5 stars
NIEEPA Men's Sports Polarized Sunglasses Square Frame Glasses,$10.99,4.0 out of 5 stars
Torege Polarized Sports Sunglasses With 3 Interchangeable Lenes for Men Women Cycling Running Driving Fishing Glasses TR002,$25.99,4.4 out of 5 stars
Bircen Mens Polarized Carbon Fiber Sunglasses UV Protection Sports Fishing Driving Sunglasses for Men Al-Mg Frame,$27.00,4.5 out of 5 stars
ARNETTE Men's An4178 Quick Draw Wrap Sunglasses,$49.28,4.6 out of 5 stars
MERRY'S Unisex Polarized Aluminum Sunglasses Vintage Sun Glasses For Men/Women S8286,$12.91,4.4 out of 5 stars
RIVBOS Polarized Sports Sunglasses Driving shades For Men TR90 Unbreakable Frame RB831,$19.98,4.4 out of 5 stars
Polarized Sunglasses for Men and Women Semi-Rimless Frame Driving Sun glasses 100% UV Blocking,$15.99,4.5 out of 5 stars
Polarspex Polarized 80's Retro Classic Trendy Stylish Sunglasses for Men Women,$14.95,4.4 out of 5 stars
DUBERY Mens Sport Polarized Sunglasses Outdoor Riding Square Windproof Eyewear,$18.99,4.5 out of 5 stars
HULISLEM S1 Sport Polarized Sunglasses,$21.99,4.4 out of 5 stars
SUNGAIT Ultra Lightweight Rectangular Polarized Sunglasses UV400 Protection,$11.55,4.6 out of 5 stars
Aviator Sunglasses for Men Polarized Women -MXNX UV Protection Lightweight Driving Fishing Sports Mens Sunglasses MX208,$15.55,4.5 out of 5 stars
Oakley Men's Oo9417 Holbrook XL Square Sunglasses,$156.00,4.3 out of 5 stars
FAGUMA Polarized Sports Sunglasses For Men Cycling Driving Fishing 100% UV Protection,$16.97,4.6 out of 5 stars
Bircen Mens Polarized Driving Sunglasses For Mens Women Al-Mg Metal Frame Lightweight Fishing Sports Outdoors,$25.00,4.4 out of 5 stars
NIEEPA Men's Sports Polarized Sunglasses Square Frame Glasses,$10.99,4.0 out of 5 stars
ARNETTE Men's An4178 Quick Draw Wrap Sunglasses,$49.28,4.6 out of 5 stars
Torege Polarized Sports Sunglasses With 3 Interchangeable Lenes for Men Women Cycling Running Driving Fishing Glasses TR002,$25.99,4.4 out of 5 stars
Bircen Mens Polarized Carbon Fiber Sunglasses UV Protection Sports Fishing Driving Sunglasses for Men Al-Mg Frame,$27.00,4.5 out of 5 stars
Maui Jim Black Coral Rectangular Sunglasses,$299.99,4.5 out of 5 stars
